MONTH_ID,PRODUCTLINE,Revenue,Frequency
11,"Classic Cars",372231.8899999999,105
11,"Vintage Cars",233990.33999999997,65
11,Motorcycles,151711.85999999996,39
11,"Trucks and Buses",123811.14000000001,29
11,Planes,121130.7,36
11,Ships,63900.85,21
11,Trains,22271.23,6
